baseline_commit	old_owner	namespace	relative_path	disposition	new_owner
cdda354	core	native-prefix	bin/open_lmm_batch	transfer	cli
cdda354	core	native-prefix	include/open_lmm/gui/gui_plugin.hpp	transfer	gui
cdda354	core	native-prefix	include/open_lmm/gui/gui_runtime_host.hpp	transfer	gui
cdda354	core	native-prefix	lib/libopen_lmm_gui_core.so	transfer	gui
cdda354	core	native-prefix	lib/libopen_lmm_gui_core.so.3	transfer	gui
cdda354	core	native-prefix	lib/libopen_lmm_gui_core.so.3.0.0	transfer	gui
cdda354	core	native-prefix	lib/libopen_lmm_iridescence_gui.so	transfer	gui
cdda354	core	native-prefix	lib/libopen_lmm_iridescence_gui.so.3	transfer	gui
cdda354	core	native-prefix	lib/libopen_lmm_iridescence_gui.so.3.0.0	transfer	gui
cdda354	core	native-prefix	open_lmm/LICENCE	remove	-
cdda354	core	native-prefix	open_lmm/THIRD_PARTY_NOTICES.md	remove	-
cdda354	core	native-prefix	open_lmm/_native.cpython-310-x86_64-linux-gnu.so	remove	-
cdda354	core	native-prefix	open_lmm/__init__.py	remove	-
cdda354	core	native-prefix	open_lmm/_api.py	remove	-
cdda354	core	native-prefix	open_lmm/_errors.py	remove	-
cdda354	core	native-prefix	open_lmm/_models.py	remove	-
cdda354	core	native-prefix	open_lmm/py.typed	remove	-
cdda354	core	native-prefix	open_lmm/experiments/__init__.py	remove	-
cdda354	core	native-prefix	open_lmm/experiments/_api.py	remove	-
cdda354	core	native-prefix	open_lmm/experiments/_canonical.py	remove	-
cdda354	core	native-prefix	open_lmm/experiments/_cli.py	remove	-
cdda354	core	native-prefix	open_lmm/experiments/_config.py	remove	-
cdda354	core	native-prefix	open_lmm/experiments/_export.py	remove	-
cdda354	core	native-prefix	open_lmm/experiments/_manifest.py	remove	-
cdda354	core	native-prefix	open_lmm/experiments/_metrics.py	remove	-
cdda354	core	native-prefix	open_lmm/experiments/_models.py	remove	-
cdda354	core	native-prefix	open_lmm/experiments/_planner.py	remove	-
cdda354	core	native-prefix	open_lmm/experiments/_runner.py	remove	-
cdda354	core	native-prefix	open_lmm/experiments/_subprocess.py	remove	-
cdda354	core	native-prefix	open_lmm/experiments/_worker.py	remove	-
cdda354	core	native-prefix	open_lmm/experiments/benchmark.py	remove	-
cdda354	core	native-prefix	open_lmm/experiments/replay.py	remove	-
cdda354	core	native-prefix	open_lmm/experiments/schema/experiment_plan.schema.json	remove	-
cdda354	core	native-prefix	open_lmm/experiments/schema/experiment_result.schema.json	remove	-
cdda354	core	native-prefix	open_lmm/experiments/schema/experiment_trial.schema.json	remove	-
